[["version", 4], ["markdown", "The `app-strings` module gives you access to the host application's localized\nstring bundles (`.properties` files).\n\nThe module exports the `StringBundle` constructor function.  To access a string\nbundle, construct an instance of `StringBundle`, passing it the bundle's URL:\n\n    var StringBundle = require(\"app-strings\").StringBundle;\n    var bundle = StringBundle(\"chrome://browser/locale/browser.properties\");\n\nTo get the value of a string, call the object's `get` method, passing it\nthe name of the string:\n\n    var accessKey = bundle.get(\"contextMenuSearchText.accesskey\");\n    // \"S\" in the en-US locale\n\nTo get the formatted value of a string that accepts arguments, call the object's\n`get` method, passing it the name of the string and an array of arguments\nwith which to format the string:\n\n    var searchText = bundle.get(\"contextMenuSearchText\",\n                                [\"universe\", \"signs of intelligent life\"]);\n    // 'Search universe for \"signs of intelligent life\"' in the en-US locale\n\nTo get all strings in the bundle, iterate the object, which returns arrays\nof the form [name, value]:\n\n    for (var [name, value] in Iterator(bundle))\n      console.log(name + \" = \" + value);\n\nIteration\n---------\n\n<code>for (var name in bundle) { ... }</code>\n\nIterate the names of strings in the bundle.\n\n<code>for each (var val in bundle) { ... }</code>\n\nIterate the values of strings in the bundle.\n\n<code>for (var [name, value] in Iterator(bundle)) { ... }</code>\n\nIterate the names and values of strings in the bundle.\n\n\n"], ["api-json", {"line_number": 46, "methods": [{"line_number": 55, "name": "get", "returns": {"datatype": "string", "line_number": 59, "description": "the value of the string"}, "params": [{"datatype": "string", "line_number": 57, "required": false, "name": "name", "description": "the name of the string to get"}, {"datatype": "array", "line_number": 58, "required": false, "name": "args", "description": "(optional) strings that replace placeholders in the string"}], "signature": "get(name, args)", "type": "method", "description": "Get the value of the string with the given name."}], "description": "The `StringBundle` object represents a string bundle.", "constructors": [{"line_number": 49, "name": "StringBundle", "returns": {"datatype": "StringBundle", "line_number": 53, "description": "the string bundle"}, "params": [{"datatype": "string", "line_number": 52, "required": true, "name": "url", "description": "the URL of the string bundle"}], "signature": "StringBundle(url)", "type": "constructor", "description": "Creates a StringBundle object that gives you access to a string bundle."}], "type": "class", "name": "StringBundle"}], ["markdown", "\n"]]