[["version", 4], ["markdown", "<!-- contributed by Myk Melez [myk@mozilla.org] -->\n\nThe `hidden-frame` module creates host application frames (i.e. XUL `<iframe>`\nelements) that are not displayed to the user.  It is useful in the construction\nof APIs that load web content not intended to be directly seen or accessed\nby users, like `page-worker`.  It is also useful in the construction of APIs\nthat load web content for intermittent display, such as `panel`.\n\nThis module is not intended to be used directly by programs.  Rather, it is\nintended to be used by other modules that provide APIs to programs.\n\nIntroduction\n------------\n\nThe module exports a constructor function, `HiddenFrame`, and two other\nfunctions, `add` and `remove`.\n\n`HiddenFrame` constructs a new hidden frame.  `add` registers a hidden frame,\npreparing it to load content.  `remove` unregisters a frame, unloading any\ncontent that was loaded in it.\n\nExamples\n--------\n\nThe following code creates a hidden frame, loads a web page into it, and then\nlogs its title:\n\n    var hiddenFrames = require(\"hidden-frame\");\n    let hiddenFrame = hiddenFrames.add(hiddenFrames.HiddenFrame({\n      onReady: function() {\n        this.element.contentWindow.location = \"http://www.mozilla.org/\";\n        let self = this;\n        this.element.addEventListener(\"DOMContentLoaded\", function() {\n          console.log(self.element.contentDocument.title);\n        }, true, true);\n      }\n    }));\n\nSee the `panel` module for a real-world example of usage of this module.\n\nReference\n---------\n"], ["api-json", {"line_number": 43, "name": "HiddenFrame", "constructors": [{"line_number": 46, "name": "HiddenFrame", "params": [{"line_number": 49, "name": "options", "datatype": "object", "required": true, "props": [{"datatype": "function,array", "line_number": 51, "required": true, "name": "onReady", "description": "Functions to call when the frame is ready to load content.  You must specify\nan `onReady` callback and refrain from using the hidden frame until\nthe callback gets called, because hidden frames are not always ready to load\ncontent the moment they are added."}], "description": "Options for the frame, with the following keys:"}], "signature": "HiddenFrame(options)", "type": "constructor", "description": "Creates a hidden frame."}], "type": "class", "properties": [{"datatype": "DOMElement", "line_number": 70, "type": "property", "name": "element", "description": "The host application frame in which the page is loaded."}, {"datatype": "array", "line_number": 75, "type": "property", "name": "onReady", "description": "Functions to call when the frame is ready to load content."}], "description": "`HiddenFrame` objects represent hidden frames.\n\n\n\n"}], ["markdown", "\n"]]