[["version", 4], ["markdown", "<!-- contributed by Wes Kocher [kwierso@gmail.com]  -->\n\nThe `runtime` module provides access to information about Firefox's\nruntime environment. All properties exposed are read-only.\n\nFor more information, see [nsIXULRuntime][nsIXULRuntime].\n[nsIXULRuntime]: https://developer.mozilla.org/en/XPCOM_Interface_Reference/nsIXULRuntime\n\n"], ["api-json", {"datatype": "boolean", "line_number": 9, "type": "property", "name": "inSafeMode", "description": "This value is `true` if Firefox was started in safe mode,\notherwise `false`."}], ["markdown", "\n\n"], ["api-json", {"datatype": "string", "line_number": 15, "type": "property", "name": "OS", "description": "  A string identifying the current operating system. For example, .\n  `\"WINNT\"`, `\"Darwin\"`, or `\"Linux\"`. See [OS_TARGET][OS_TARGET]\n  for a more complete list of possible values.\n\n[OS_TARGET]: https://developer.mozilla.org/en/OS_TARGET"}], ["markdown", "\n\n"], ["api-json", {"datatype": "long", "line_number": 24, "type": "property", "name": "processType", "description": "  The type of the caller's process, which will be one of these constants\\:\n<table>\n  <tr>\n    <th>Constant</th>\n    <th>Value</th>\n    <th>Description</th>\n  </tr>\n\n  <tr>\n    <td>PROCESS_TYPE_DEFAULT</td>\n    <td>0</td>\n    <td>The default (chrome) process.</td>\n  </tr>\n\n  <tr>\n    <td>PROCESS_TYPE_PLUGIN</td>\n    <td>1</td>\n    <td>A plugin subprocess.</td>\n  </tr>\n\n  <tr>\n    <td>PROCESS_TYPE_CONTENT</td>\n    <td>2</td>\n    <td>A content subprocess.</td>\n  </tr>\n\n  <tr>\n    <td>PROCESS_TYPE_IPDLUNITTEST</td>\n    <td>3</td>\n    <td>An IPDL unit testing subprocess.</td>\n  </tr>\n</table>"}], ["markdown", "\n\n"], ["api-json", {"datatype": "string", "line_number": 60, "type": "property", "name": "widgetToolkit", "description": "A string identifying the target widget toolkit in use."}], ["markdown", "\n\n"], ["api-json", {"datatype": "string", "line_number": 65, "type": "property", "name": "XPCOMABI", "description": "  A string identifying the [ABI][ABI] of the current processor and compiler vtable.\n  This string takes the form \\<`processor`\\>-\\<`compilerABI`\\>,\n  for example\\: \"`x86-msvc`\" or \"`ppc-gcc3`\".\n[ABI]: https://developer.mozilla.org/en/XPCOM_ABI"}], ["markdown", "\n"]]