[["version", 4], ["markdown", "<!-- contributed by Atul Varma [atul@mozilla.com]  -->\n<!-- edited by Noelle Murata [fiveinchpixie@gmail.com]  -->\n\n\nThe `traceback` module contains functionality similar to\nPython's [traceback](http://docs.python.org/library/traceback.html) module.\n\n## JSON Traceback Objects ##\n\nTracebacks are stored in JSON format. The stack is represented as an\narray in which the most recent stack frame is the last element; each\nelement thus represents a stack frame and has the following keys:\n\n<table>\n  <tr>\n    <td><code>filename</code></td>\n    <td>The name of the file that the stack frame takes place in.</td>\n  </tr>\n  <tr>\n    <td><code>lineNo</code></td>\n    <td>The line number is being executed at the stack frame.</td>\n  </tr>\n  <tr>\n    <td><code>funcName</code></td>\n    <td>The name of the function being executed at the stack frame, or\n    <code>null</code> if the function is anonymous or the stack frame is\n    being executed in a top-level script or module.</td>\n  </tr>\n</table>\n\n"], ["api-json", {"line_number": 31, "name": "fromException", "returns": {"datatype": "traceback", "line_number": 35, "description": "JSON representation of the traceback or `null` if not found.\n"}, "params": [{"datatype": "exception", "line_number": 38, "required": true, "name": "exception", "description": "exception where exception is an `nsIException`."}], "signature": "fromException(exception)", "type": "function", "description": "Attempts to extract the traceback from *`exception`*.\n"}], ["markdown", "\n\nSee [nsIException](https://developer.mozilla.org/en/NsIException) for more\ninformation.\n\n"], ["api-json", {"line_number": 45, "name": "get", "returns": {"datatype": "JSON", "line_number": 48, "description": "Returns the JSON representation of the stack at the point that this\nfunction is called."}, "signature": "get()", "type": "function", "description": ""}], ["markdown", "\n\n"], ["api-json", {"line_number": 53, "name": "format", "params": [{"datatype": "object", "line_number": 60, "required": false, "name": "tbOrException", "description": ""}], "signature": "format(tbOrException)", "type": "function", "description": "Given a JSON representation of the stack or an exception instance,\nreturns a formatted plain text representation of it, similar to\nPython's formatted stack tracebacks.  If no argument is provided, the\nstack at the point this function is called is used.\n"}], ["markdown", "\n\n"]]