[["version", 4], ["markdown", "<!-- contributed by Atul Varma [atul@mozilla.com]  -->\n<!-- edited by Noelle Murata [fiveinchpixie@gmail.com]  -->\n\n\nThe `url` module provides functionality for the parsing and retrieving of URLs.\n\n"], ["api-json", {"line_number": 7, "name": "URL", "constructors": [{"line_number": 9, "name": "URL", "params": [{"datatype": "string", "line_number": 16, "required": true, "name": "source", "description": "A string to be converted into a URL. If `source` is not a valid URI, this\nconstructor will throw an exception.\n"}, {"datatype": "string", "line_number": 20, "required": false, "name": "base", "description": "An optional string used to resolve relative `source` URLs into absolute ones."}], "signature": "URL(source, base)", "type": "constructor", "description": "The URL constructor creates an object that represents a URL,  verifying that\nthe provided string is a valid URL in the process.  Any API in the SDK which\nhas a URL parameter will accept `URL` objects, not raw strings, unless\notherwise noted.\n"}], "methods": [{"line_number": 49, "name": "toString", "returns": {"datatype": "string", "line_number": 52, "description": "The URL as a string."}, "signature": "toString()", "type": "method", "description": "Returns a string representation of the URL."}], "type": "class", "properties": [{"datatype": "string", "line_number": 24, "type": "property", "name": "scheme", "description": "The name of the protocol in the URL."}, {"datatype": "string", "line_number": 29, "type": "property", "name": "userPass", "description": "The username:password part of the URL, `null` if not present."}, {"datatype": "string", "line_number": 34, "type": "property", "name": "host", "description": "The host of the URL, `null` if not present."}, {"datatype": "integer", "line_number": 39, "type": "property", "name": "port", "description": "The port number of the URL, `null` if none was specified."}, {"datatype": "string", "line_number": 44, "type": "property", "name": "path", "description": "The path component of the URL."}], "description": "\n\n\n\n\n"}], ["markdown", "\n\n"], ["api-json", {"line_number": 57, "name": "toFilename", "returns": {"datatype": "string", "line_number": 67, "description": "The converted native file path as a string."}, "params": [{"datatype": "string", "line_number": 64, "required": true, "name": "url", "description": "The URL, as a string, to be converted.\n"}], "signature": "toFilename(url)", "type": "function", "description": "Attempts to convert the given URL to a native file path.  This function will\nautomatically attempt to resolve non-file protocols, such as the `resource:`\nprotocol, to their place on the file system. An exception is raised if the URL\ncan't be converted; otherwise, the native file path is returned as a string.\n"}], ["markdown", "\n\n"], ["api-json", {"line_number": 71, "name": "fromFilename", "returns": {"datatype": "string", "line_number": 78, "description": "The converted URL as a string."}, "params": [{"datatype": "string", "line_number": 75, "required": true, "name": "path", "description": "The native file path, as a string, to be converted.\n"}], "signature": "fromFilename(path)", "type": "function", "description": "Converts the given native file path to a `file:` URL.\n"}], ["markdown", "\n\n"]]