[["version", 4], ["markdown", "<!-- contributed by Drew Willcoxon [adw@mozilla.com] -->\n\nThe `xul-app` module provides facilities for introspecting the application on\nwhich your program is running.\n\nWith the exception of `ids`, each of these properties exposes the attribute of\nthe same name on the [`nsIXULAppInfo`][nsIXULAppInfo] interface.  For more\ninformation, see the [MDC documentation][].\n\n[nsIXULAppInfo]: http://mxr.mozilla.org/mozilla-central/source/xpcom/system/nsIXULAppInfo.idl\n[MDC documentation]: https://developer.mozilla.org/en/nsIXULAppInfo\n\n"], ["api-json", {"datatype": "string", "line_number": 13, "type": "property", "name": "ID", "description": "The GUID of the host application.  For example, for Firefox this value is\n`\"{ec8030f7-c20a-464f-9b0e-13a3a9e97384}\"`."}], ["markdown", "\n\n"], ["api-json", {"datatype": "string", "line_number": 19, "type": "property", "name": "name", "description": "The host application name.  For example, `\"Firefox\"`."}], ["markdown", "\n\n"], ["api-json", {"datatype": "string", "line_number": 24, "type": "property", "name": "version", "description": "The host application version."}], ["markdown", "\n\n"], ["api-json", {"datatype": "string", "line_number": 29, "type": "property", "name": "platformVersion", "description": "The Gecko/XULRunner platform version."}], ["markdown", "\n\n"], ["api-json", {"datatype": "object", "line_number": 34, "type": "property", "name": "ids", "description": "A mapping of application names to their IDs.  For example,\n`ids[\"Firefox\"] == \"{ec8030f7-c20a-464f-9b0e-13a3a9e97384}\"`."}], ["markdown", "\n\n"], ["api-json", {"line_number": 40, "name": "is", "returns": {"datatype": "boolean", "line_number": 45, "description": "True if the host application is `name` and false otherwise."}, "params": [{"datatype": "string", "line_number": 43, "required": true, "name": "name", "description": "A host application name."}], "signature": "is(name)", "type": "function", "description": "Checks whether the host application is the given application."}], ["markdown", "\n\n"], ["api-json", {"line_number": 49, "name": "isOneOf", "returns": {"datatype": "boolean", "line_number": 54, "description": "True if the host application is one of the `names` and false otherwise."}, "params": [{"datatype": "array", "line_number": 52, "required": true, "name": "names", "description": "An array of host application names."}], "signature": "isOneOf(names)", "type": "function", "description": "Checks whether the host application is one of the given applications."}], ["markdown", "\n\n"], ["api-json", {"line_number": 58, "name": "versionInRange", "returns": {"datatype": "boolean", "line_number": 70, "description": "True if `version` falls in the given range and false otherwise."}, "params": [{"datatype": "string", "line_number": 62, "required": true, "name": "version", "description": "The version to compare."}, {"datatype": "string", "line_number": 64, "required": true, "name": "lowInclusive", "description": "The lower bound of the version range to compare.  The range includes this\nbound."}, {"datatype": "string", "line_number": 67, "required": true, "name": "highExclusive", "description": "The upper bound of the version range to compare.  The range does not include\nthis bound."}], "signature": "versionInRange(version, lowInclusive, highExclusive)", "type": "function", "description": "Compares a given version to a version range.  See the [MDC documentation](https://developer.mozilla.org/en/Toolkit_version_format#Comparing_versions)\nfor details on version comparisons."}], ["markdown", "\n"]]