[["version", 4], ["markdown", "<!-- contributed by Dietrich Ayala [dietrich@mozilla.com]  -->\n\nThe `clipboard` module allows callers to interact with the system clipboard,\nsetting and retrieving its contents.\n\nYou can optionally specify the type of the data to set and retrieve.\nThe following types are supported:\n\n* `text` (plain text)\n* `html` (a string of HTML)\n\nIf no data type is provided, then the module will detect it for you.\n\nExamples\n--------\n\nSet and get the contents of the clipboard.\n\n    let clipboard = require(\"clipboard\");\n    clipboard.set(\"Lorem ipsum dolor sit amet\");\n    let contents = clipboard.get();\n\nSet the clipboard contents to some HTML.\n\n    let clipboard = require(\"clipboard\");\n    clipboard.set(\"<blink>Lorem ipsum dolor sit amet</blink>\", \"html\");\n\nIf the clipboard contains HTML content, open it in a new tab.\n\n    let clipboard = require(\"clipboard\");\n    if (clipboard.currentFlavors.indexOf(\"html\") != -1)\n      require(\"tabs\").open(\"data:text/html,\" + clipboard.get(\"html\"));\n\n"], ["api-json", {"line_number": 34, "name": "set", "params": [{"datatype": "string", "line_number": 37, "required": true, "name": "data", "description": "The data to put on the clipboard."}, {"datatype": "string", "line_number": 39, "required": false, "name": "datatype", "description": "The type of the data (optional)."}], "signature": "set(data, datatype)", "type": "function", "description": "Replace the contents of the user's clipboard with the provided data."}], ["markdown", "\n\n"], ["api-json", {"line_number": 43, "name": "get", "params": [{"datatype": "string", "line_number": 46, "required": false, "name": "datatype", "description": "Retrieve the clipboard contents only if matching this type (optional).\nThe function will return null if the contents of the clipboard do not match\nthe supplied type."}], "signature": "get(datatype)", "type": "function", "description": "Get the contents of the user's clipboard."}], ["markdown", "\n\n"], ["api-json", {"datatype": "array", "line_number": 52, "type": "property", "name": "currentFlavors", "description": "Data on the clipboard is sometimes available in multiple types. For example,\nHTML data might be available as both a string of HTML (the `html` type)\nand a string of plain text (the `text` type). This function returns an array\nof all types in which the data currently on the clipboard is available."}], ["markdown", "\n"]]