[["version", 4], ["markdown", "<!-- contributed by Irakli Gozalishvili [gozala@mozilla.com]  -->\n\nSome add-ons may wish to define keyboard shortcuts for certain operations. This\nmodule exposes an API to create those.\n\n"], ["api-json", {"line_number": 6, "methods": [{"line_number": 48, "signature": "destroy()", "type": "method", "name": "destroy", "description": "Stops this instance of `Hotkey` from reacting on the key combinations. Once\ndestroyed it can no longer be used."}], "description": "\nModule exports `Hotkey` constructor allowing users to create a `hotkey` for the\nhost application.\n", "constructors": [{"line_number": 12, "name": "Hotkey", "params": [{"line_number": 20, "name": "options", "datatype": "Object", "required": true, "props": [{"datatype": "String", "line_number": 23, "required": true, "name": "combo", "description": "Any function key: `\"f1, f2, ..., f24\"` or key combination in the format\nof `'modifier-key'`:\n\n      \"accel-s\"\n      \"meta-shift-i\"\n      \"control-alt-d\"\n\nModifier keynames:\n\n- **shift**: The Shift key.\n- **alt**: The Alt key. On the Macintosh, this is the Option key. On\n  Macintosh this can only be used in conjunction with another modifier,\n  since `Alt-Letter` combinations are reserved for entering special\n  characters in text.\n- **meta**: The Meta key. On the Macintosh, this is the Command key.\n- **control**: The Control key.\n- **accel**: The key used for keyboard shortcuts on the user's platform,\n  which is Control on Windows and Linux, and Command on Mac. Usually, this\n  would be the value you would use.\n"}, {"datatype": "Function", "line_number": 44, "required": true, "name": "onPress", "description": "Function that is invoked when the key combination `hotkey` is pressed.\n"}], "description": "Options for the hotkey, with the following keys:\n"}], "signature": "Hotkey(options)", "type": "constructor", "description": "Creates a hotkey who's `onPress` listener method is invoked when key combination\ndefined by `hotkey` is pressed.\n\nPlease note: If more than one `hotkey` is created for the same key\ncombination, the listener is executed only on the last one created\n"}], "type": "class", "name": "Hotkey"}], ["markdown", "\n\n## Example ##\n\n    // Define keyboard shortcuts for showing and hiding a custom panel.\n    var { Hotkey } = require(\"hotkeys\");\n\n    var showHotKey = Hotkey({\n      combo: \"accel-shift-o\",\n      onPress: function() {\n        showMyPanel();\n      }\n    });\n    var hideHotKey = Hotkey({\n      combo: \"accel-alt-shift-o\",\n      onPress: function() {\n        hideMyPanel();\n      }\n    });\n\n[Mozilla keyboard planning FAQ]:http://www.mozilla.org/access/keyboard/\n[keyboard shortcuts]:https://developer.mozilla.org/en/XUL_Tutorial/Keyboard_Shortcuts\n"]]