[["version", 4], ["markdown", "<!-- contributed by Drew Willcoxon [adw@mozilla.com]  -->\n\nThe `notifications` module allows you to display transient,\n[toaster](http://en.wikipedia.org/wiki/Toast_%28computing%29)-style\ndesktop messages to the user.\n\nThis API supports desktop notifications on Windows, OS X using\n[Growl](http://growl.info/), and Linux using libnotify.  If the user's system\ndoes not support desktop notifications or if its notifications service is not\nrunning, then notifications made with this API are logged to Firefox's error\nconsole and, if the user launched Firefox from the command line, the terminal.\n\nExamples\n--------\n\nHere's a typical example.  When the message is clicked, a string is logged to\nthe console.\n\n    var notifications = require(\"notifications\");\n    notifications.notify({\n      title: \"Jabberwocky\",\n      text: \"'Twas brillig, and the slithy toves\",\n      data: \"did gyre and gimble in the wabe\",\n      onClick: function (data) {\n        console.log(data);\n        // console.log(this.data) would produce the same result.\n      }\n    });\n\nThis one displays an icon that's stored in the add-on's `data` directory.  (See\nthe [`self`](packages/addon-kit/docs/self.html) module documentation for more information.)\n\n    var notifications = require(\"notifications\");\n    var self = require(\"self\");\n    var myIconURL = self.data.url(\"myIcon.png\");\n    notifications.notify({\n      text: \"I have an icon!\",\n      iconURL: myIconURL\n    });\n\n\n"], ["api-json", {"line_number": 42, "name": "notify", "params": [{"line_number": 45, "name": "options", "datatype": "object", "required": true, "props": [{"datatype": "string", "line_number": 47, "required": false, "name": "title", "description": "A string to display as the message's title."}, {"datatype": "string", "line_number": 49, "required": false, "name": "text", "description": "A string to display as the body of the message."}, {"datatype": "string", "line_number": 51, "required": false, "name": "iconURL", "description": "The URL of an icon to display inside the message.  It may be a remote URL,\na data URI, or a URL returned by the [`self`](packages/addon-kit/docs/self.html)\nmodule."}, {"datatype": "function", "line_number": 55, "required": false, "name": "onClick", "description": "A function to be called when the user clicks the message.  It will be passed\nthe value of `data`."}, {"datatype": "string", "line_number": 58, "required": false, "name": "data", "description": "A string that will be passed to `onClick`."}], "description": "An object with the following keys.  Each is optional."}], "signature": "notify(options)", "type": "function", "description": "Displays a transient notification to the user."}], ["markdown", "\n"]]