[["version", 4], ["markdown", "<!-- contributed by Paul O'Shannessy [paul@oshannessy.com]  -->\n<!-- edited by Noelle Murata [fiveinchpixie@gmail.com]  -->\n<!-- contributed by Irakli Gozalishvili [gozala@mozilla.com] -->\n\nThe `private-browsing` module allows you to access Firefox's private browsing\nmode, detecting if it is active and when its state changes.\n\nThis module is available in all applications. However, only Firefox will ever\ntransition into or out of private browsing mode. For all other applications,\n`pb.isActive` will always be `false`, and none of the events will be emitted.\n\n"], ["api-json", {"datatype": "boolean", "line_number": 12, "type": "property", "name": "isActive", "description": "This read-only boolean is true if private browsing mode is turned on."}], ["markdown", "\n\n"], ["api-json", {"line_number": 17, "signature": "activate()", "type": "function", "name": "activate", "description": "Turns on private browsing mode."}], ["markdown", "\n\n"], ["api-json", {"line_number": 22, "signature": "deactivate()", "type": "function", "name": "deactivate", "description": "Turns off private browsing mode."}], ["markdown", "\n\n"], ["api-json", {"line_number": 27, "type": "event", "name": "start", "description": "Emitted immediately after the browser enters private browsing mode.\n\n    var pb = require(\"private-browsing\");\n    pb.on(\"start\", function() {\n      // Do something when the browser starts private browsing mode.\n    });\n"}], ["markdown", "\n\n"], ["api-json", {"line_number": 38, "type": "event", "name": "stop", "description": "Emitted immediately after the browser exits private browsing mode.\n\n    var pb = require(\"private-browsing\");\n    pb.on(\"stop\", function() {\n      // Do something when the browser stops private browsing mode.\n    });"}]]