[["version", 4], ["markdown", "<!-- contributed by Dietrich Ayala [dietrich@mozilla.com]  -->\n<!-- edited by Noelle Murata [fiveinchpixie@gmail.com]  -->\n\nThe `tabs` module provides easy access to tabs and tab-related events.\n\nThe module itself can be used like a basic list of all opened\ntabs across all windows. In particular, you can enumerate it:\n\n    var tabs = require('tabs');\n    for each (var tab in tabs)\n      console.log(tab.title);\n\nYou can also access individual tabs by index:\n\n    var tabs = require('tabs');\n\n    tabs.on('ready', function () {\n      console.log('first: ' + tabs[0].title);\n      console.log('last: ' + tabs[tabs.length-1].title);\n    });\n\nYou can open a new tab, specifying various properties including location:\n\n    var tabs = require(\"tabs\");\n    tabs.open(\"http://www.example.com\");\n\nYou can register event listeners to be notified when tabs open, close, finish\nloading DOM content, or are made active or inactive:\n\n    var tabs = require(\"tabs\");\n\n    // Listen for tab openings.\n    tabs.on('open', function onOpen(tab) {\n      myOpenTabs.push(tab);\n    });\n\n    // Listen for tab content loads.\n    tabs.on('ready', function(tab) {\n      console.log('tab is loaded', tab.title, tab.url)\n    });\n\nYou can get and set various properties of tabs (but note that properties\n relating to the tab's content, such as the URL, will not contain valid\nvalues until after the tab's `ready` event fires). By setting the `url`\nproperty you can load a new page in the tab:\n\n    var tabs = require(\"tabs\");\n    tabs.on('activate', function(tab) {\n      tab.url = \"http://www.example.com\";\n    });\n\nYou can attach a [content script](dev-guide/addon-development/web-content.html)\nto the page hosted in a tab, and use that to access and manipulate the page's\ncontent:\n\n    var tabs = require(\"tabs\");\n\n    tabs.on('activate', function(tab) {\n      tab.attach({\n        contentScript: 'self.postMessage(document.body.innerHTML);',\n        onMessage: function (message) {\n          console.log(message);\n        }\n      });\n    });\n\n"], ["api-json", {"datatype": "Tab", "line_number": 67, "type": "property", "name": "activeTab", "description": "\nThe currently active tab in the active window. This property is read-only. To\nactivate a `Tab` object, call its `activate` method.\n\n**Example**\n\n    // Get the active tab's title.\n    var tabs = require(\"tabs\");\n    console.log(\"title of active tab is \" + tabs.activeTab.title);"}], ["markdown", "\n\n"], ["api-json", {"datatype": "number", "line_number": 80, "type": "property", "name": "length", "description": "The number of open tabs across all windows."}], ["markdown", "\n\n"], ["api-json", {"line_number": 85, "name": "open", "params": [{"line_number": 119, "name": "options", "datatype": "object", "required": true, "props": [{"datatype": "string", "line_number": 126, "required": false, "name": "url", "description": "String URL to be opened in the new tab.\nThis is a required property.\n"}, {"datatype": "boolean", "line_number": 130, "required": false, "name": "inNewWindow", "description": "If present and true, a new browser window will be opened and the URL will be\nopened in the first tab in that window. This is an optional property.\n"}, {"datatype": "boolean", "line_number": 134, "required": false, "name": "inBackground", "description": "If present and true, the new tab will be opened to the right of the active tab\nand will not be active. This is an optional property.\n"}, {"datatype": "boolean", "line_number": 138, "required": false, "name": "isPinned", "description": "If present and true, then the new tab will be pinned as an\n[app tab](http://support.mozilla.com/en-US/kb/what-are-app-tabs).\n"}, {"datatype": "function", "line_number": 142, "required": false, "name": "onOpen", "description": "A callback function that will be registered for 'open' event.\nThis is an optional property."}, {"datatype": "function", "line_number": 145, "required": false, "name": "onClose", "description": "A callback function that will be registered for 'close' event.\nThis is an optional property."}, {"datatype": "function", "line_number": 148, "required": false, "name": "onReady", "description": "A callback function that will be registered for 'ready' event.\nThis is an optional property."}, {"datatype": "function", "line_number": 151, "required": false, "name": "onActivate", "description": "A callback function that will be registered for 'activate' event.\nThis is an optional property."}, {"datatype": "function", "line_number": 154, "required": false, "name": "onDeactivate", "description": "A callback function that will be registered for 'deactivate' event.\nThis is an optional property."}], "description": "An object containing configurable options for how and where the tab will be\nopened, as well as a listeners for the tab events.\n\nIf the only option being used is `url`, then a bare string URL can be passed to\n`open` instead of adding at a property of the `options` object.\n"}], "signature": "open(options)", "type": "function", "description": "Opens a new tab. The new tab will open in the active window or in a new window,\ndepending on the `inNewWindow` option.\n\n**Example**\n\n    var tabs = require(\"tabs\");\n\n    // Open a new tab on active window and make tab active.\n    tabs.open(\"http://www.mysite.com\");\n\n    // Open a new tab in a new window and make it active.\n    tabs.open({\n      url: \"http://www.mysite.com\",\n      inNewWindow: true\n    });\n\n    // Open a new tab on active window in the background.\n    tabs.open({\n      url: \"http://www.mysite.com\",\n      inBackground: true\n    });\n\n    // Open a new tab as an app tab and do something once it's open.\n    tabs.open({\n      url: \"http://www.mysite.com\",\n      isPinned: true,\n      onOpen: function onOpen(tab) {\n        // do stuff like listen for content\n        // loading.\n      }\n    });\n"}], ["markdown", "\n\n"], ["api-json", {"line_number": 159, "methods": [{"line_number": 204, "signature": "pin()", "type": "method", "name": "pin", "description": "Pins this tab as an [app tab][].\n[app tab]:http://support.mozilla.com/en-US/kb/what-are-app-tabs"}, {"line_number": 210, "signature": "unpin()", "type": "method", "name": "unpin", "description": "Unpins this tab."}, {"line_number": 215, "name": "close", "params": [{"datatype": "function", "line_number": 219, "required": false, "name": "callback", "description": "A function to be called when the tab finishes its closing process.\nThis is an optional argument."}], "signature": "close(callback)", "type": "method", "description": "Closes this tab.\n"}, {"line_number": 224, "signature": "reload()", "type": "method", "name": "reload", "description": "Reloads this tab."}, {"line_number": 229, "signature": "activate()", "type": "method", "name": "activate", "description": "Makes this tab active, which will bring this tab to the foreground."}, {"line_number": 234, "name": "attach", "returns": {"datatype": "Worker", "line_number": 265, "description": "See [Content Scripts guide](dev-guide/addon-development/web-content.html)\nto learn how to use the `Worker` object to communicate with the content script.\n"}, "params": [{"line_number": 249, "name": "options", "datatype": "object", "required": true, "props": [{"datatype": "string,array", "line_number": 252, "required": false, "name": "contentScriptFile", "description": "The local file URLs of content scripts to load.  Content scripts specified\nby this option are loaded *before* those specified by the `contentScript`\noption. Optional."}, {"datatype": "string,array", "line_number": 256, "required": false, "name": "contentScript", "description": "The texts of content scripts to load.  Content scripts specified by this\noption are loaded *after* those specified by the `contentScriptFile` option.\nOptional."}, {"datatype": "function", "line_number": 260, "required": false, "name": "onMessage", "description": "A function called when the page mod receives a message from content scripts.\nListeners are passed a single argument, the message posted from the\ncontent script.\n"}], "description": "Options for the page mod, with the following keys:\n"}], "signature": "attach(options)", "type": "method", "description": "  Create a page mod and attach it to the document in the tab.\n\n**Example**\n\n    var tabs = require(\"tabs\");\n\n    tabs.on('ready', function(tab) {\n      tab.attach({\n          contentScript:\n            'document.body.style.border = \"5px solid red\";'\n      });\n    });\n"}], "description": "A `Tab` instance represents a single open tab. It contains various tab\nproperties, several methods for manipulation, as well as per-tab event\nregistration.\n\nTabs emit all the events described in the Events section. Listeners are\npassed the `Tab` object that triggered the event.\n\n\n\n\n\n\n\n\n\n\n\n\n\n\n\n\n", "events": [{"arguments": [{"datatype": "Tab", "line_number": 277, "description": "Listeners are passed the tab object."}], "line_number": 271, "type": "event", "name": "close", "description": "\nThis event is emitted when the tab is closed.  It's also emitted when the\ntab's window is closed.\n"}, {"arguments": [{"datatype": "Tab", "line_number": 293, "description": "Listeners are passed the tab object."}], "line_number": 281, "type": "event", "name": "ready", "description": "\nThis event is emitted when the DOM for the tab's content is ready. It is\nequivalent to the `DOMContentLoaded` event for the given content page.\n\nA single tab will emit this event every time the DOM is loaded: so it will be\nemitted again if the tab's location changes or the content is reloaded.\n\nAfter this event has been emitted, all properties relating to the tab's\ncontent can be used.\n"}, {"arguments": [{"datatype": "Tab", "line_number": 302, "description": "Listeners are passed the tab object."}], "line_number": 297, "type": "event", "name": "activate", "description": "\nThis event is emitted when the tab is made active.\n"}, {"arguments": [{"datatype": "Tab", "line_number": 311, "description": "Listeners are passed the tab object."}], "line_number": 306, "type": "event", "name": "deactivate", "description": "\nThis event is emitted when the tab is made inactive.\n"}], "type": "class", "properties": [{"datatype": "string", "line_number": 168, "type": "property", "name": "title", "description": "The title of the page currently loaded in the tab.\nThis property can be set to change the tab title."}, {"datatype": "String", "line_number": 174, "type": "property", "name": "url", "description": "The URL of the page currently loaded in the tab.\nThis property can be set to load a different URL in the tab."}, {"datatype": "string", "line_number": 180, "type": "property", "name": "favicon", "description": "The URL of the favicon for the page currently loaded in the tab.\nThis property is read-only."}, {"datatype": "integer", "line_number": 186, "type": "property", "name": "index", "description": "The index of the tab relative to other tabs in the application window.\nThis property can be set to change its relative position."}, {"datatype": "boolean", "line_number": 192, "type": "property", "name": "isPinned", "description": "Whether or not tab is pinned as an [app tab][].\nThis property is read-only.\n[app tab]:http://support.mozilla.com/en-US/kb/what-are-app-tabs"}, {"datatype": "method", "line_number": 199, "type": "property", "name": "getThumbnail", "description": "Returns thumbnail data URI of the page currently loaded in this tab."}], "name": "Tab"}], ["markdown", "\n\n"], ["api-json", {"arguments": [{"datatype": "Tab", "line_number": 335, "description": "Listeners are passed the tab object that just opened."}], "line_number": 317, "type": "event", "name": "open", "description": "\nThis event is emitted when a new tab is opened. This does not mean that\nthe content has loaded, only that the browser tab itself is fully visible\nto the user.\n\nProperties relating to the tab's content (for example: `title`, `favicon`,\nand `url`) will not be correct at this point. If you need to access these\nproperties, listen for the `ready` event:\n\n    var tabs = require(\"tabs\");\n    tabs.on('open', function(tab){\n      tab.on('ready', function(tab){\n        console.log(tab.url);\n      });\n    });\n"}], ["markdown", "\n\n"], ["api-json", {"arguments": [{"datatype": "Tab", "line_number": 345, "description": "Listeners are passed the tab object that has closed."}], "line_number": 339, "type": "event", "name": "close", "description": "\nThis event is emitted when a tab is closed. When a window is closed\nthis event will be emitted for each of the open tabs in that window.\n"}], ["markdown", "\n\n"], ["api-json", {"arguments": [{"datatype": "Tab", "line_number": 361, "description": "Listeners are passed the tab object that has loaded."}], "line_number": 349, "type": "event", "name": "ready", "description": "\nThis event is emitted when the DOM for a tab's content is ready.\nIt is equivalent to the `DOMContentLoaded` event for the given content page.\n\nA single tab will emit this event every time the DOM is loaded: so it will be\nemitted again if the tab's location changes or the content is reloaded.\n\nAfter this event has been emitted, all properties relating to the tab's\ncontent can be used.\n"}], ["markdown", "\n\n"], ["api-json", {"arguments": [{"datatype": "Tab", "line_number": 370, "description": "Listeners are passed the tab object that has become active."}], "line_number": 365, "type": "event", "name": "activate", "description": "\nThis event is emitted when an inactive tab is made active.\n"}], ["markdown", "\n\n"], ["api-json", {"arguments": [{"datatype": "Tab", "line_number": 379, "description": "Listeners are passed the tab object that has become inactive."}], "line_number": 374, "type": "event", "name": "deactivate", "description": "\nThis event is emitted when the active tab is made inactive.\n"}], ["markdown", "\n"]]