[["version", 4], ["markdown", "<!-- contributed by Drew Willcoxon [adw@mozilla.com]  -->\n<!-- contributed by Atul Varma [atul@mozilla.com]  -->\n<!-- edited by Noelle Murata [fiveinchpixie@gmail.com]  -->\n<!-- contributed by Irakli Gozalishvil [gozala@mozilla.com] -->\n\nThe `timers` module provides access to web-like timing functionality.\n\n"], ["api-json", {"line_number": 8, "name": "setTimeout", "returns": {"datatype": "integer", "line_number": 12, "description": "An ID that can later be used to undo this scheduling, if `callback` hasn't yet\nbeen called."}, "params": [{"datatype": "function", "line_number": 15, "required": true, "name": "callback", "description": "Function to be called."}, {"datatype": "integer", "line_number": 17, "required": true, "name": "ms", "description": "Interval in milliseconds after which the function will be called."}], "signature": "setTimeout(callback, ms)", "type": "function", "description": "Schedules `callback` to be called in `ms` milliseconds. Any additional\narguments are passed straight through to the callback."}], ["markdown", "\n\n"], ["api-json", {"line_number": 21, "name": "clearTimeout", "params": [{"datatype": "integer", "line_number": 25, "required": true, "name": "ID", "description": "An ID returned from `setTimeout()`."}], "signature": "clearTimeout(ID)", "type": "function", "description": "Given an ID returned from `setTimeout()`, prevents the callback with the ID\nfrom being called (if it hasn't yet been called)."}], ["markdown", "\n\n"], ["api-json", {"line_number": 29, "name": "setInterval", "returns": {"datatype": "integer", "line_number": 33, "description": "An ID that can later be used to unschedule the callback."}, "params": [{"datatype": "function", "line_number": 35, "required": true, "name": "callback", "description": "Function to be called."}, {"datatype": "integer", "line_number": 37, "required": true, "name": "ms", "description": "Interval in milliseconds at which the function will be called."}], "signature": "setInterval(callback, ms)", "type": "function", "description": "Schedules `callback` to be called repeatedly every `ms` milliseconds. Any\nadditional arguments are passed straight through to the callback."}], ["markdown", "\n\n"], ["api-json", {"line_number": 41, "name": "clearInterval", "params": [{"datatype": "integer", "line_number": 45, "required": true, "name": "ID", "description": "An ID returned from `setInterval()`."}], "signature": "clearInterval(ID)", "type": "function", "description": "Given an ID returned from `setInterval()`, prevents the callback with the ID\nfrom being called again."}], ["markdown", "\n\n"]]