[["version", 4], ["markdown", "<!-- contributed by Myk Melez [myk@mozilla.org] -->\n<!-- contributed by Irakli Gozalishvili [gozala@mozilla.com] -->\n\n\nThis module is not intended to be used directly by programs.  Rather, it is\nintended to be used by other modules that provide APIs to programs.\n\n\nThis module exports `Symbiont` trait that can be used for creating JavaScript\ncontexts that can access web content in host application frames (i.e. XUL\n`<iframe>` and `<browser>` elements) and communicate with programs via\nasynchronous JSON pipes.  It is useful in the construction of APIs that\nare compatible with the execution model codenamed \"electrolysis\" in which\nprograms run in separate processes from web content.\n\nIntroduction\n------------\n\n`Symbiont` constructs a content symbiont for a given frame, it loads the\nspecified contentURL and scripts into it, and plumbs an asynchronous\nJSON pipe between the content symbiont object and the content symbiont\ncontext. If frame is not provided hidden frame will be created.\n\nExamples\n--------\n\n    var { Symbiont } = require('content');\n    var Thing = Symbiont.resolve({ constructor: '_init' }).compose({\n      constructor: function Thing(options) {\n        // `getMyFrame` returns the host application frame in which\n        // the page is loaded.\n        this._frame = getMyFrame();\n        this._init(options)\n      }\n    });\n\nSee the [panel][] module for a real-world example of usage of this module.\n\n[panel]:packages/addon-kit/docs/panel.html\n\nReference\n---------\n\n"], ["api-json", {"line_number": 44, "name": "Symbiont", "constructors": [{"line_number": 53, "name": "Symbiont", "params": [{"line_number": 56, "name": "options", "datatype": "object", "required": true, "props": [{"datatype": "object", "line_number": 61, "required": false, "name": "frame", "description": "The host application frame in which the page is loaded.\nIf frame is not provided hidden one will be created."}, {"line_number": 64, "name": "contentScriptWhen", "default": "\"end\"", "required": false, "datatype": "string", "description": "When to load the content scripts. This may take one of the following\nvalues:\n\n* \"start\": load content scripts immediately after the document\nelement for the page is inserted into the DOM, but before the DOM content\nitself has been loaded\n* \"ready\": load content scripts once DOM content has been loaded,\ncorresponding to the\n[DOMContentLoaded](https://developer.mozilla.org/en/Gecko-Specific_DOM_Events)\nevent\n* \"end\": load content scripts once all the content (DOM, JS, CSS,\nimages) for the page has been loaded, at the time the\n[window.onload event](https://developer.mozilla.org/en/DOM/window.onload)\nfires\n\nThis property is optional and defaults to \"end\".\n"}, {"datatype": "object", "line_number": 82, "required": false, "name": "allow", "description": "Permissions for the content, with the following keys:"}, {"datatype": "boolean", "line_number": 84, "required": false, "name": "script", "description": "  Whether or not to execute script in the content.  Defaults to true.\n  Optional.\nOptional."}], "description": "  Options for the constructor. Includes all the keys that\nthe [Worker](packages/api-utils/docs/content/worker.html)\nconstructor accepts and a few more:\n"}], "signature": "Symbiont(options)", "type": "constructor", "description": "Creates a content symbiont."}], "type": "class", "properties": [{"datatype": "array", "line_number": 90, "type": "property", "name": "contentScriptFile", "description": "The local file URLs of content scripts to load.  Content scripts specified by\nthis property are loaded *before* those specified by the `contentScript`\nproperty."}, {"datatype": "array", "line_number": 97, "type": "property", "name": "contentScript", "description": "The texts of content scripts to load.  Content scripts specified by this\nproperty are loaded *after* those specified by the `contentScriptFile` property."}, {"datatype": "string", "line_number": 103, "type": "property", "name": "contentScriptWhen", "description": "When to load the content scripts. This may have one of the following\nvalues:\n\n* \"start\": load content scripts immediately after the document\nelement for the page is inserted into the DOM, but before the DOM content\nitself has been loaded\n* \"ready\": load content scripts once DOM content has been loaded,\ncorresponding to the\n[DOMContentLoaded](https://developer.mozilla.org/en/Gecko-Specific_DOM_Events)\nevent\n* \"end\": load content scripts once all the content (DOM, JS, CSS,\nimages) for the page has been loaded, at the time the\n[window.onload event](https://developer.mozilla.org/en/DOM/window.onload)\nfires\n"}, {"datatype": "string", "line_number": 122, "type": "property", "name": "contentURL", "description": "The URL of the content loaded."}, {"datatype": "object", "line_number": 127, "type": "property", "name": "allow", "description": "Permissions for the content, with a single boolean key called `script` which\ndefaults to true and indicates whether or not to execute scripts in the\ncontent."}], "description": "Symbiont is composed from the [Worker][] trait, therefore instances\nof Symbiont and their descendants expose all the public properties\nexposed by [Worker][] along with additional public properties that\nare listed below:\n\n[Worker]:packages/api-utils/docs/content/worker.html\n\n\n\n\n\n\n"}], ["markdown", "\n\n\n"]]