{"addon-kit": {"files": ["directory", {"package.json": ["file", {"size": 435}], "tests": ["directory", {"test-request.js": ["file", {"size": 10731}], "test-page-worker.js": ["file", {"size": 10696}], "test-page-mod.js": ["file", {"size": 12085}], "test-simple-storage.js": ["file", {"size": 11283}], "test-notifications.js": ["file", {"size": 3138}], "test-tabs.js": ["file", {"size": 28788}], "test-panel.js": ["file", {"size": 13560}], "test-widget.js": ["file", {"size": 33563}], "test-context-menu.js": ["file", {"size": 62947}], "test-context-menu.html": ["file", {"size": 3238}], "test-windows.js": ["file", {"size": 10831}], "test-hotkeys.js": ["file", {"size": 4052}], "helpers.js": ["file", {"size": 610}], "test-clipboard.js": ["file", {"size": 2284}], "test-selection.js": ["file", {"size": 15564}], "test-timers.js": ["file", {"size": 1926}], "test-simple-prefs.js": ["file", {"size": 5129}], "test-private-browsing.js": ["file", {"size": 8208}], "pagemod-test-helpers.js": ["file", {"size": 2205}], "test-passwords.js": ["file", {"size": 8429}], "test-module.js": ["file", {"size": 1067}]}], "lib": ["directory", {"clipboard.js": ["file", {"size": 8292}], "context-menu.js": ["file", {"size": 53917}], "hotkeys.js": ["file", {"size": 3001}], "selection.js": ["file", {"size": 14860}], "tabs.js": ["file", {"size": 2745}], "request.js": ["file", {"size": 10751}], "notifications.js": ["file", {"size": 4005}], "windows.js": ["file", {"size": 8711}], "passwords.js": ["file", {"size": 3362}], "simple-prefs.js": ["file", {"size": 3910}], "widget.js": ["file", {"size": 30044}], "page-worker.js": ["file", {"size": 3843}], "private-browsing.js": ["file", {"size": 4166}], "timers.js": ["file", {"size": 1846}], "simple-storage.js": ["file", {"size": 8689}], "page-mod.js": ["file", {"size": 8165}], "panel.js": ["file", {"size": 14478}]}], "docs": ["directory", {"page-mod.md": ["file", {"size": 13416}], "private-browsing.md": ["file", {"size": 1339}], "self.md": ["file", {"size": 2969}], "panel.md": ["file", {"size": 10042}], "simple-storage.md": ["file", {"size": 4623}], "page-worker.md": ["file", {"size": 7815}], "widget.md": ["file", {"size": 22741}], "timers.md": ["file", {"size": 1580}], "request.md": ["file", {"size": 6049}], "clipboard.md": ["file", {"size": 1848}], "simple-prefs.md": ["file", {"size": 1934}], "windows.md": ["file", {"size": 5186}], "context-menu.md": ["file", {"size": 25890}], "hotkeys.md": ["file", {"size": 2218}], "tabs.md": ["file", {"size": 10394}], "selection.md": ["file", {"size": 3052}], "notifications.md": ["file", {"size": 2171}], "passwords.md": ["file", {"size": 15870}]}], "data": ["directory", {"test-page-worker.js": ["file", {"size": 905}], "test-request-invalid.json": ["file", {"size": 22}], "moz_favicon.ico": ["file", {"size": 1406}], "test-request.txt": ["file", {"size": 19}], "test-page-worker.html": ["file", {"size": 133}], "test.html": ["file", {"size": 91}], "test-request.json": ["file", {"size": 17}], "test-page-mod.html": ["file", {"size": 130}]}], "README.md": ["file", {"size": 426}]}], "license": "MPL 1.1/GPL 2.0/LGPL 2.1", "tests": ["D:\\addon-sdk\\packages\\addon-kit\\tests"], "description": "Add-on development made easy.", "contributors": ["Myk Melez (http://melez.com/) <myk@mozilla.org>", "Daniel Aquino <mr.danielaquino@gmail.com>"], "author": "Atul Varma (http://toolness.com/) <atul@mozilla.com>", "doc": "D:\\addon-sdk\\packages\\addon-kit\\docs", "readme": "The addon-kit package provides high-level APIs for add-on developers.\nMost of the needs of most add-on developers should be served by the modules\nfound here. Modules in this packages don't require any special privileges to\nrun.\n\nThe modules in the addon-kit package are relatively stable. We intend to add\nnew APIs here and extend existing ones, but will avoid making incompatible\nchanges to them unless absolutely necessary.\n", "dependencies": ["api-utils"], "lib": ["D:\\addon-sdk\\packages\\addon-kit\\lib"], "keywords": ["javascript", "engine", "platform", "xulrunner"], "data": "D:\\addon-sdk\\packages\\addon-kit\\data", "name": "addon-kit"}, "api-utils": {"files": ["directory", {"package.json": ["file", {"size": 521}], "tests": ["directory", {"test-app-strings.js": ["file", {"size": 2302}], "test-loader.js": ["file", {"size": 758}], "test-byte-streams.js": ["file", {"size": 7008}], "test-tab-observer.js": ["file", {"size": 1160}], "test-observer-service.js": ["file", {"size": 2516}], "test-timer.js": ["file", {"size": 3580}], "loader": ["directory", {"fixture.js": ["file", {"size": 57}]}], "traits": ["directory", {"assert.js": ["file", {"size": 2904}], "utils.js": ["file", {"size": 1161}], "inheritance-tests.js": ["file", {"size": 3344}], "descriptor-tests.js": ["file", {"size": 7493}], "object-tests.js": ["file", {"size": 11867}]}], "test-traits.js": ["file", {"size": 8778}], "helpers.js": ["file", {"size": 610}], "test-self.js": ["file", {"size": 1429}], "fixtures": ["directory", {"es5.js": ["file", {"size": 137}]}], "test-set-exports.js": ["file", {"size": 1171}], "test-hidden-frame.js": ["file", {"size": 1548}], "test-type.js": ["file", {"size": 3351}], "test-content-symbiont.js": ["file", {"size": 5611}], "test-array.js": ["file", {"size": 1187}], "test-window-loader.js": ["file", {"size": 4900}], "test-memory.js": ["file", {"size": 443}], "test-unit-test.js": ["file", {"size": 7596}], "test-tab-browser.js": ["file", {"size": 17070}], "test-collection.js": ["file", {"size": 5637}], "test-list.js": ["file", {"size": 4828}], "test-xhr.js": ["file", {"size": 2242}], "commonjs-test-adapter": ["directory", {"asserts.js": ["file", {"size": 1581}]}], "test-file.js": ["file", {"size": 9818}], "test-cortex.js": ["file", {"size": 3771}], "test-xpcom.js": ["file", {"size": 3314}], "test-content-worker.js": ["file", {"size": 12398}], "test-traits-core.js": ["file", {"size": 17238}], "test-registry.js": ["file", {"size": 1824}], "test-url.js": ["file", {"size": 5776}], "test-traceback.js": ["file", {"size": 3510}], "test-window-utils.js": ["file", {"size": 8843}], "test-e10s-porting.js": ["file", {"size": 2348}], "test-window-observer.js": ["file", {"size": 1443}], "test-dom.js": ["file", {"size": 2292}], "test-tab.js": ["file", {"size": 3514}], "test-keyboard-utils.js": ["file", {"size": 1787}], "test-xul-app.js": ["file", {"size": 1683}], "test-require.js": ["file", {"size": 967}], "test-passwords-utils.js": ["file", {"size": 5537}], "test-environment.js": ["file", {"size": 1722}], "test-errors.js": ["file", {"size": 2710}], "test-content-proxy.js": ["file", {"size": 26695}], "test-globals.js": ["file", {"size": 833}], "test-events.js": ["file", {"size": 5337}], "test-namespace.js": ["file", {"size": 2185}], "test-content-loader.js": ["file", {"size": 5346}], "test-commonjs-test-adapter.js": ["file", {"size": 225}], "test-match-pattern.js": ["file", {"size": 5882}], "test-plain-text-console.js": ["file", {"size": 2377}], "modules": ["directory", {"badExportAndReturn.js": ["file", {"size": 192}], "green.js": ["file", {"size": 122}], "pollux.js": ["file", {"size": 160}], "async2.js": ["file", {"size": 152}], "blue.js": ["file", {"size": 60}], "add.js": ["file", {"size": 90}], "exportsEquals.js": ["file", {"size": 20}], "subtract.js": ["file", {"size": 82}], "dupe.js": ["file", {"size": 173}], "setExports.js": ["file", {"size": 22}], "traditional2.js": ["file", {"size": 90}], "dupeSetExports.js": ["file", {"size": 100}], "red.js": ["file", {"size": 202}], "traditional1.js": ["file", {"size": 274}], "types": ["directory", {"cat.js": ["file", {"size": 22}]}], "badSecond.js": ["file", {"size": 99}], "async1.js": ["file", {"size": 342}], "badFirst.js": ["file", {"size": 88}], "color.js": ["file", {"size": 29}], "castor.js": ["file", {"size": 160}], "tiger.js": ["file", {"size": 119}], "dupeNested.js": ["file", {"size": 170}], "orange.js": ["file", {"size": 106}], "cheetah.js": ["file", {"size": 75}], "lion.js": ["file", {"size": 48}]}], "test-unload.js": ["file", {"size": 6661}], "test-function-utils.js": ["file", {"size": 822}], "test-text-streams.js": ["file", {"size": 7277}], "test-keyboard-observer.js": ["file", {"size": 980}], "test-httpd.js": ["file", {"size": 720}], "test-modules.js": ["file", {"size": 5646}], "test-preferences-service.js": ["file", {"size": 3974}], "test-light-traits.js": ["file", {"size": 267}], "test-api-utils.js": ["file", {"size": 9165}]}], "lib": ["directory", {"unit-test-finder.js": ["file", {"size": 4083}], "tabs": ["directory", {"observer.js": ["file", {"size": 4892}], "utils.js": ["file", {"size": 2952}], "tab.js": ["file", {"size": 10036}], "events.js": ["file", {"size": 2112}]}], "find-tests.js": ["file", {"size": 38}], "utils": ["directory", {"function.js": ["file", {"size": 2713}], "thumbnail.js": ["file", {"size": 3099}], "registry.js": ["file", {"size": 3326}], "data.js": ["file", {"size": 3926}]}], "cortex.js": ["file", {"size": 6225}], "list.js": ["file", {"size": 5369}], "plain-text-console.js": ["file", {"size": 3687}], "system.js": ["file", {"size": 4234}], "process.js": ["file", {"size": 4178}], "test.js": ["file", {"size": 5663}], "file.js": ["file", {"size": 6733}], "channel.js": ["file", {"size": 2839}], "keyboard": ["directory", {"observer.js": ["file", {"size": 3447}], "utils.js": ["file", {"size": 7509}], "hotkeys.js": ["file", {"size": 5260}]}], "environment.js": ["file", {"size": 3969}], "collection.js": ["file", {"size": 4789}], "type.js": ["file", {"size": 11432}], "xul-app.js": ["file", {"size": 3805}], "events.js": ["file", {"size": 7602}], "array.js": ["file", {"size": 3428}], "traceback.js": ["file", {"size": 5098}], "memory.js": ["file", {"size": 4783}], "tab-browser.js": ["file", {"size": 25271}], "content": ["directory", {"symbiont.js": ["file", {"size": 7849}], "worker.js": ["file", {"size": 23820}], "loader.js": ["file", {"size": 6927}]}], "env!.js": ["file", {"size": 2181}], "preferences-service.js": ["file", {"size": 5284}], "test": ["directory", {"assert.js": ["file", {"size": 10577}]}], "unit-test.js": ["file", {"size": 13471}], "globals!.js": ["file", {"size": 5206}], "hidden-frame.js": ["file", {"size": 7041}], "events": ["directory", {"assembler.js": ["file", {"size": 3462}]}], "api-utils.js": ["file", {"size": 7280}], "url.js": ["file", {"size": 4286}], "errors.js": ["file", {"size": 3462}], "passwords": ["directory", {"utils.js": ["file", {"size": 5252}]}], "namespace.js": ["file", {"size": 2338}], "app-strings.js": ["file", {"size": 3362}], "light-traits.js": ["file", {"size": 23934}], "timer.js": ["file", {"size": 4227}], "text-streams.js": ["file", {"size": 9507}], "runtime.js": ["file", {"size": 2103}], "content.js": ["file", {"size": 2019}], "self!.js": ["file", {"size": 3132}], "unload.js": ["file", {"size": 1383}], "cuddlefish.js": ["file", {"size": 12466}], "traits.js": ["file", {"size": 7552}], "match-pattern.js": ["file", {"size": 5238}], "dom": ["directory", {"events": ["directory", {"keys.js": ["file", {"size": 3333}]}], "events.js": ["file", {"size": 7418}]}], "windows": ["directory", {"tabs.js": ["file", {"size": 7942}], "dom.js": ["file", {"size": 2262}], "observer.js": ["file", {"size": 3317}], "loader.js": ["file", {"size": 5681}]}], "observer-service.js": ["file", {"size": 7478}], "traits": ["directory", {"core.js": ["file", {"size": 11867}]}], "xpcom.js": ["file", {"size": 5016}], "xhr.js": ["file", {"size": 6349}], "byte-streams.js": ["file", {"size": 4297}], "window-utils.js": ["file", {"size": 9214}], "httpd.js": ["file", {"size": 146350}]}], "docs": ["directory", {"url.md": ["file", {"size": 2074}], "runtime.md": ["file", {"size": 1796}], "content.md": ["file", {"size": 498}], "cuddlefish.md": ["file", {"size": 197}], "xhr.md": ["file", {"size": 3280}], "file.md": ["file", {"size": 5434}], "unit-test.md": ["file", {"size": 8933}], "xul-app.md": ["file", {"size": 2238}], "traits.md": ["file", {"size": 7816}], "window-utils.md": ["file", {"size": 3206}], "httpd.md": ["file", {"size": 1019}], "list.md": ["file", {"size": 2863}], "content": ["directory", {"proxy.md": ["file", {"size": 9996}], "symbiont.md": ["file", {"size": 4551}], "loader.md": ["file", {"size": 2970}], "worker.md": ["file", {"size": 4095}]}], "unload.md": ["file", {"size": 2337}], "match-pattern.md": ["file", {"size": 6154}], "es5.md": ["file", {"size": 2258}], "observer-service.md": ["file", {"size": 2373}], "collection.md": ["file", {"size": 2299}], "light-traits.md": ["file", {"size": 12659}], "traceback.md": ["file", {"size": 1814}], "plain-text-console.md": ["file", {"size": 187}], "byte-streams.md": ["file", {"size": 1808}], "xpcom.md": ["file", {"size": 8129}], "preferences-service.md": ["file", {"size": 2074}], "namespace.md": ["file", {"size": 2105}], "memory.md": ["file", {"size": 208}], "app-strings.md": ["file", {"size": 2097}], "tab-browser.md": ["file", {"size": 3931}], "errors.md": ["file", {"size": 1534}], "api-utils.md": ["file", {"size": 5883}], "cortex.md": ["file", {"size": 5401}], "text-streams.md": ["file", {"size": 3299}], "environment.md": ["file", {"size": 1074}], "securable-module.md": ["file", {"size": 3238}], "events.md": ["file", {"size": 2286}], "hidden-frame.md": ["file", {"size": 2563}]}], "data": ["directory", {"test-trusted-document.html": ["file", {"size": 277}], "content-proxy.js": ["file", {"size": 27883}], "test-content-symbiont.js": ["file", {"size": 25}], "test-httpd.txt": ["file", {"size": 29}]}], "README.md": ["file", {"size": 1178}]}], "tests": ["D:\\addon-sdk\\packages\\api-utils\\tests"], "name": "api-utils", "license": "MPL 1.1/GPL 2.0/LGPL 2.1", "author": "Atul Varma (http://toolness.com/) <atul@mozilla.com>", "doc": "D:\\addon-sdk\\packages\\api-utils\\docs", "loader": "lib/cuddlefish.js", "readme": "API Utils provides a basic CommonJS infrastructure for\ndeveloping traditional XULRunner add-ons and applications. It is\nthe basis for the Add-on SDK.\n\nTo address issues present in traditional add-on development,\nAPI Utils provides mechanisms for:\n\n* writing and executing test cases, inspired by Python's [nose][]\n  package,\n* tracking JS objects of interest to aid in memory profiling and leak\n  detection,\n* registering callbacks that perform cleanup tasks when modules are\n  unloaded,\n* easily reporting errors with full stack tracebacks.\n\nAPI Utils also has the following characteristics:\n\n* Beautiful, concise documentation.\n* A rigorous test suite ensuring that the library doesn't break as the\n  Mozilla platform evolves.\n* Solid developer ergonomics ensuring that developers can easily find\n  out why something they're doing isn't working.\n\nAPI Utils is intended to be very small and only contain the bare\nminimum of functionality that all add-ons need.\n\nNote that the API Utils package has not fully stabilized yet, meaning that\nwe do still expect to make incompatible changes to its APIs in future releases\nof the SDK.\n\n  [nose]: http://code.google.com/p/python-nose/\n", "dependencies": ["addon-kit"], "contributors": ["Myk Melez (http://melez.com/) <myk@mozilla.org>", "Daniel Aquino <mr.danielaquino@gmail.com>"], "lib": ["D:\\addon-sdk\\packages\\api-utils\\lib"], "keywords": ["javascript", "engine", "platform", "xulrunner", "jetpack-low-level"], "data": "D:\\addon-sdk\\packages\\api-utils\\data", "description": "Foundational infrastructure and utilities."}, "test-harness": {"files": ["directory", {"package.json": ["file", {"size": 258}], "docs": ["directory", {"run-tests.md": ["file", {"size": 336}], "harness.md": ["file", {"size": 86}]}], "tests": ["directory", {"test-packaging.js": ["file", {"size": 489}]}], "README.md": ["file", {"size": 310}], "lib": ["directory", {"harness.js": ["file", {"size": 10304}], "run-tests.js": ["file", {"size": 4785}]}]}], "tests": ["D:\\addon-sdk\\packages\\test-harness\\tests"], "name": "test-harness", "license": "MPL 1.1/GPL 2.0/LGPL 2.1", "author": "Atul Varma (http://toolness.com/)", "doc": "D:\\addon-sdk\\packages\\test-harness\\docs", "readme": "<span class=\"aside\">\nFor more information on testing in the Add-on SDK, see the\n[Reusable Modules](dev-guide/addon-development/implementing-reusable-module.html)\ntutorial.\n</span>\n\nThis package contains a program that finds and runs tests. It is\nautomatically used whenever the `cfx test` command is executed.\n", "dependencies": ["api-utils"], "lib": ["D:\\addon-sdk\\packages\\test-harness\\lib"], "keywords": ["jetpack-low-level"], "description": "A harness for running Jetpack tests."}, "development-mode": {"files": ["directory", {"package.json": ["file", {"size": 355}], "docs": ["directory", {"main.md": ["file", {"size": 302}], "bootstrap.md": ["file", {"size": 254}]}], "README.md": ["file", {"size": 408}], "lib": ["directory", {"bootstrap.js": ["file", {"size": 5675}], "main.js": ["file", {"size": 3505}]}]}], "name": "development-mode", "license": "MPL 1.1/GPL 2.0/LGPL 2.1", "author": "Atul Varma (http://toolness.com/)", "doc": "D:\\addon-sdk\\packages\\development-mode\\docs", "readme": "This package contains a program that pings a local server for\ninformation about other programs to run. If the same program\nis requested more than once, it is first unloaded before being run\nagain. This can be very useful for developing add-ons without\nhaving to restart the parent application.\n\nIn the future, functionality will be added that allows developers to\ndebug and profile their programs' behavior.\n", "dependencies": ["api-utils", "test-harness"], "lib": ["D:\\addon-sdk\\packages\\development-mode\\lib"], "keywords": ["jetpack-low-level"], "main": "main", "id": "anonid0-development-mode", "description": "Adds Add-on SDK development functionality to a program."}}